<?xml version="1.0" encoding="UTF-8"?>
<!DOCTYPE suite SYSTEM "http://testng.org/testng-1.0.dtd" >

<suite name="Default Suite" verbose="1">
	<listeners>
		<listener class-name="core.framework.TestListener" />
	</listeners>

	<test name="VugenToUtaf">
		<classes>
	<class name="app.vugen.VugenToUtaf">
				<methods>
				  <include name="getEnrollService">
						<parameter name="ManualTCName"
							value="getEnrollService"></parameter>
					</include>  
				 <include name="matchRule">
						<parameter name="ManualTCName"
							value="matchRule"></parameter>
					</include>  
					 <include name="userDefinedField">
						<parameter name="ManualTCName"
							value="userDefinedField"></parameter>
					</include> 
					<include name="getProjectionFactorsCurvnum">
						<parameter name="ManualTCName"
							value="getProjectionFactorsCurvnum"></parameter>
					</include>
					<include name="getAllProjectionFactors">
						<parameter name="ManualTCName"
							value="getAllProjectionFactors"></parameter>
					</include>
						<include name="getAssetInfo">
						<parameter name="ManualTCName"
							value="getAssetInfo"></parameter>
					</include>
					<include name="investment">
						<parameter name="ManualTCName"
							value="investment"></parameter>
					</include>  
					<include name="docDescOverride">
						<parameter name="ManualTCName"
							value="docDescOverride"></parameter>
					</include>
					<include name="getPlanIndicator">
						<parameter name="ManualTCName"
							value="getPlanIndicator"></parameter>
					</include>
						<include name="getAllPlanRules">
						<parameter name="ManualTCName"
							value="getAllPlanRules"></parameter>
					</include>
					<include name="getProfitSharing">
						<parameter name="ManualTCName"
							value="getProfitSharing"></parameter>
					</include>
					<include name="getContactInfo">
						<parameter name="ManualTCName"
							value="getContactInfo"></parameter>
					</include>
					
						<include name="descOvrd">
						<parameter name="ManualTCName"
							value="descOvrd"></parameter>
					</include>
					
				</methods>
				
				</class> 
				
				<class name="app.vugen.VugenAuth">
				<methods>
				 <include name="AuthPart">
						<parameter name="ManualTCName"
							value="AuthPart"></parameter>
					</include> 
					  <include name="AuthPartMissingParam">
						<parameter name="ManualTCName"
							value="AuthPartMissingParam"></parameter>
					</include>
					
					 <include name="AgentAuth">
						<parameter name="ManualTCName"
							value="AgentAuth"></parameter>
					</include>
					 <include name="AgentAuthMissingPass">
						<parameter name="ManualTCName"
							value="AgentAuthMissingPass"></parameter>
					</include>
					
					 <include name="ClientAuthMissPass">
						<parameter name="ManualTCName"
							value="ClientAuthMissPass"></parameter>
					</include>
					
					 <include name="ClientAuth">
						<parameter name="ManualTCName"
							value="ClientAuth"></parameter>
					</include> 
	
						</methods>
				
				</class>  
		</classes>
	</test>
</suite>