<soapenv:Envelope xmlns:soapenv="http://schemas.xmlsoap.org/soap/envelope/" xmlns:prof="http://profilesvc.foundation.af.capgroup.com/">
   <soapenv:Header/>
   <soapenv:Body>
      <prof:tradingIdentityRequest>
         <requestData>
            <userId>AUTO</userId>
            <systemId>FASCORE</systemId>          
            <clientInteractionId>FASCORE_FINDTRADEID</clientInteractionId>
         </requestData>
         <searchCriteria>
           <personRole>REP</personRole>
            <lastName>Scott</lastName>
         </searchCriteria>
      </prof:tradingIdentityRequest>
   </soapenv:Body>
</soapenv:Envelope>