<?xml version="1.0" encoding="UTF-8"?>
<!DOCTYPE suite PUBLIC "SYSTEM" "http://testng.org/testng-1.0.dtd">
<suite  name="PW Mobile" >  <!--parallel="tests" thread-count="2">-->
	<listeners>
		<listener class-name="core.framework.TestListener" />
	</listeners>
	<test name="Account OverView ">
	      <classes>	    
	        	 <class name="com.greatWest.aod.AODTestCases">
                <methods> 
                                      
                        <include name="AOD_TC001_Balance_And_ROR_Card_Section" >
                       		<parameter name="ManualTCName" value="AOD_TC001_Balance_And_ROR_Card_Section"/>
                        </include>                      
                       <include name="AOD_TC002_Transaction_And_Beneficiary_Card_Section" >
                       		<parameter name="ManualTCName" value="AOD_TC002_Transaction_And_Beneficiary_Card_Section"/>
                        </include>  
                          <include name="AOD_TC003_Beneficiary_Card_with_WNBEN_and_WUBENE_Option" >
                       		<parameter name="ManualTCName" value="AOD_TC003_Beneficiary_Card_with_WNBEN_and_WUBENE_Option"/>
                        </include> 
                        <include name="AOD_TC004_Contribution_card" >
                       		<parameter name="ManualTCName" value="AOD_TC004_Contribution_card"/>
                        </include>  
                        <include name="AOD_TC005_DDTC_32531_Contribution_card_Terminated_PPT" >
                       		<parameter name="ManualTCName" value="AOD_TC005_DDTC_32531_Contribution_card_Terminated_PPT"/>
                        </include>
                         <include name="AOD_TC006_DDTC_Contribution_card_IRS_Limit_Display" >
                       		<parameter name="ManualTCName" value="AOD_TC006_DDTC_Contribution_card_IRS_Limit_Display"/>
                        </include>
                        
                               
				</methods> 		
			</class> 	
		</classes>
		</test>		
	        		    
</suite>
