<?xml version="1.0" encoding="UTF-8"?>
<!DOCTYPE suite PUBLIC "SYSTEM" "http://testng.org/testng-1.0.dtd">
<suite name="testsuite" verbose="1"> 
     
    <listeners>
        <listener class-name="core.framework.TestListener"/>
    </listeners> 
   <test name="Deferrals Test Cases ">         
        <classes>
             <class name="com.greatWest.deferrals.DeferralsTestCases">
                <methods>                          
    	 		<!--    <include name="PPTMOBILE_Deferral_001_DDTC_7292_QA_Contributions_Maximize_to_the_IRS_Limit" >
                     		<parameter name="ManualTCName" value="PPTMOBILE_Deferral_001_DDTC_7292_QA_Contributions_Maximize_to_the_IRS_Limit" />  
                        </include>                      	
                       <include name="PPTMOBILE_Deferral_002_DDTC_7224_Contributions_Maximize_to_the_company_match" >
                       		<parameter name="ManualTCName" value="PPTMOBILE_Deferral_002_DDTC_7224 Contributions - Maximize to the company match"/>
                        </include>  
            			   <include name="PPTMOBILE_Deferral_007_DDTC_5287_QA_Contributions_Maximizer_CatchUp_Maximize_Me_Always_NOT_Selected_for_Standard_type" >
                       		<parameter name="ManualTCName" value="PPTMOBILE_Deferral_007_DDTC_5287_QA_Contributions_Maximizer_CatchUp_Maximize_Me_Always_NOT_Selected_for_Standard_type"/>
                        </include> 
                          <include name="PPTMOBILE_Deferral_003_DDTC_6291_Catch_Up_Maximizer_Changes_in_Standard_selection_type" >
                       		<parameter name="ManualTCName" value="PPTMOBILE_Deferral_003_DDTC_6291_Catch_Up_Maximizer_Changes_in_Standard_selection_type"/>
                        </include>                                                      
 					 <include name="PPTMOBILE_Deferral_008_DDTC_5301_Contribution_Maximizer_Saving_both_standard_and_catchup" >
                       		<parameter name="ManualTCName" value="PPTMOBILE_Deferral_008_DDTC_5301_Contribution_Maximizer_Saving_both_standard_and_catchup"/>
                        </include>   
                        <include name="PPTMOBILE_Deferral_009_DDTC_8187_Contributions_Maximizer_Catch_Up_Onetime_Salary_Update" >
                       		<parameter name="ManualTCName" value="PPTMOBILE_Deferral_009_DDTC_8187_Contributions_Maximizer_Catch_Up_Onetime_Salary_Update"/>
                        </include>   
                          <include name="PPTMOBILE_Deferral_010_DDTC_7197_Maximizer_Catchup_Maximize_me_Always_selected_for_Standard_type" >
                       		<parameter name="ManualTCName" value="PPTMOBILE_Deferral_010_DDTC_7197_Maximizer_Catchup_Maximize_me_Always_selected_for_Standard_type"/>
                        </include> 
                             <include name="PPTMOBILE_Deferral_028_DDTC_5294_Adding_Company_Match_In_Contribution_Page" >
                       		<parameter name="ManualTCName" value="PPTMOBILE_Deferral_028_DDTC_5294_Adding_Company_Match_In_Contribution_Page"/>
                        </include> 	 
                     	   <include name="PPTMOBILE_Deferral_029_DDTC_5311_Adding_Company_Match_in_Custom_Enrollement" >
                       		<parameter name="ManualTCName" value="PPTMOBILE_Deferral_029_DDTC_5311_Adding_Company_Match_in_Custom_Enrollement"/>
                        </include>  
                               <include name="PPTMOBILE_Deferral_013_DDTC_7291_7248_Deferral_Type_Percent_type_Not_in_Enrollment_flow_Edit_and_Save" >
                       		<parameter name="ManualTCName" value="PPTMOBILE_Deferral_013_DDTC_7291_7248_Deferral_Type_Percent_type_Not_in_Enrollment_flow_Edit_and_Save"/>
                        </include>  -->   
                           <include name="PPTMOBILE_Deferral_037_DDTC_5292_Auto_Increase_Add_PopUp_Message_For_Change_In_Selection_Percentage" >
                       		<parameter name="ManualTCName" value="PPTMOBILE_Deferral_037_DDTC_5292_Auto_Increase_Add_PopUp_Message_For_Change_In_Selection_Percentage"/>
                        </include>         
                            <include name="PPTMOBILE_Deferral_039_DDTC_7225_Auto_Increase_Standard_Percentage" >
                       		<parameter name="ManualTCName" value="PPTMOBILE_Deferral_039_DDTC_7225_Auto_Increase_Standard_Percentage"/>
                        </include>               
    				<include name="PPTMOBILE_Deferral_041_DDTC_7236_Auto_Increase_Roth_Percentage" >
                       		<parameter name="ManualTCName" value="PPTMOBILE_Deferral_041_DDTC_7236_Auto_Increase_Roth_Percentage"/>
                        </include>   
                    </methods>
            </class>
        </classes>
    </test>   
    <!--<test name="My Investment Test Cases ">         
        <classes>
             <class name="com.greatWest.investment.MyInvestmentsTestClass">
                <methods>                   
                   <include name="PPTMOBILE_Investment_001_DDTC_5303_My_Investments_Page_View" >
                       		<parameter name="ManualTCName" value="PPTMOBILE_Investment_001_DDTC_5303_My_Investments_Page_View"/>
                        </include>    
                           <include name="PPTMOBILE_Investment_004_DDTC_6303_6270_Change_My_Investments_Page_For_Apple_Plan" >
                       		<parameter name="ManualTCName" value="PPTMOBILE_Investment_004_DDTC_6303_6270_Change_My_Investments_Page_For_Apple_Plan"/>
                        </include>                           
                        <include name="PPTMOBILE_Investment_009_DDTC_5307_and_6268_HMDI_Choose_A_Target_Date_Fund" >
                       		<parameter name="ManualTCName" value="PPTMOBILE_Investment_009_DDTC_5307_and_6268_HMDI_Choose_A_Target_Date_Fund"/>
                        </include>   
                           <include name="PPTMOBILE_Investment_010_DDTC_5305_HMDI_Access_Online_Advice" >
                       		<parameter name="ManualTCName" value="PPTMOBILE_Investment_010_DDTC_5305_HMDI_Access_Online_Advice"/>
                        </include> 
                             <include name="PPTMOBILE_Investment_005_DDTC_8624_Already_Participant_Enrolled_With_MA" >
                       		<parameter name="ManualTCName" value="PPTMOBILE_Investment_005_DDTC_8624_Already_Participant_Enrolled_With_MA"/>
                        </include>  
                   <include name="PPTMOBILE_Investment_006_DDTC_28835_DIFM_Already_enrolled_In_Financial_Engine" >
                       		<parameter name="ManualTCName" value="PPTMOBILE_Investment_006_DDTC_28835_DIFM_Already_enrolled_In_Financial_Engine"/>
                        </include>  
                        
                        <include name="PPTMOBILE_Investment_007_DDTC_8602_HMDI_Enrollement_Flow" >
                       		<parameter name="ManualTCName" value="PPTMOBILE_Investment_007_DDTC_8602_HMDI_Enrollement_Flow"/>
                        </include>  
                         <include name="PPTMOBILE_Investment_Enrollment_018_DDTC_8610_DIM_CIF_Model_Portfolio_Is_Not_default_Investment" >
                       		<parameter name="ManualTCName" value="PPTMOBILE_Investment_Enrollment_018_DDTC_8610_DIM_CIF_Model_Portfolio_Is_Not_default_Investment"/>
                        </include>     
                       </methods>
            </class>
        </classes>
    </test>   --> 
                        
    </suite>
    