<?xml version="1.0" encoding="UTF-8"?>
<!DOCTYPE suite PUBLIC "SYSTEM" "http://testng.org/testng-1.0.dtd">
<suite name="testsuite" verbose="1"> 
     
    <listeners>
        <listener class-name="core.framework.TestListener"/>
    </listeners> 
  	   <test name="Deferrals Test Cases ">         
        <classes>
             <class name="com.greatWest.deferrals.DeferralsTestCases">
                <methods>                          
    	     <!--  	<include name="PPTMOBILE_Deferral_001_DDTC_7292_QA_Contributions_Maximize_to_the_IRS_Limit" >
                     		<parameter name="ManualTCName" value="PPTMOBILE_Deferral_001_DDTC_7292_QA_Contributions_Maximize_to_the_IRS_Limit" />  
                        </include>                    	
                   	    <include name="PPTMOBILE_Deferral_002_DDTC_7224_Contributions_Maximize_to_the_company_match" >
                       		<parameter name="ManualTCName" value="PPTMOBILE_Deferral_002_DDTC_7224 Contributions - Maximize to the company match"/>
                        </include> 
            		 	 <include name="PPTMOBILE_Deferral_007_DDTC_5287_QA_Contributions_Maximizer_CatchUp_Maximize_Me_Always_NOT_Selected_for_Standard_type" >
                       		<parameter name="ManualTCName" value="PPTMOBILE_Deferral_007_DDTC_5287_QA_Contributions_Maximizer_CatchUp_Maximize_Me_Always_NOT_Selected_for_Standard_type"/>
                        </include>  
                          <include name="PPTMOBILE_Deferral_003_DDTC_6291_Catch_Up_Maximizer_Changes_in_Standard_selection_type" >
                       		<parameter name="ManualTCName" value="PPTMOBILE_Deferral_003_DDTC_6291_Catch_Up_Maximizer_Changes_in_Standard_selection_type"/>
                        </include>                                                     
 				 		 <include name="PPTMOBILE_Deferral_008_DDTC_5301_Contribution_Maximizer_Saving_both_standard_and_catchup" >
                       		<parameter name="ManualTCName" value="PPTMOBILE_Deferral_008_DDTC_5301_Contribution_Maximizer_Saving_both_standard_and_catchup"/>
                        </include>   
                          <include name="PPTMOBILE_Deferral_009_DDTC_8187_Contributions_Maximizer_Catch_Up_Onetime_Salary_Update" >
                       		<parameter name="ManualTCName" value="PPTMOBILE_Deferral_009_DDTC_8187_Contributions_Maximizer_Catch_Up_Onetime_Salary_Update"/>
                        </include> --> 
                         <include name="PPTMOBILE_Deferral_010_DDTC_7197_Maximizer_Catchup_Maximize_me_Always_selected_for_Standard_type" >
                       		<parameter name="ManualTCName" value="PPTMOBILE_Deferral_010_DDTC_7197_Maximizer_Catchup_Maximize_me_Always_selected_for_Standard_type"/>
                             </include>
                         <include name="PPTMOBILE_Deferral_028_DDTC_5294_Adding_Company_Match_In_Contribution_Page" >
                       		<parameter name="ManualTCName" value="PPTMOBILE_Deferral_028_DDTC_5294_Adding_Company_Match_In_Contribution_Page"/>
                        </include> 
                        <include name="PPTMOBILE_Deferral_005_Enroll_OneTime_Maximizer_with_PPC_Standard_And_CatchUp_With_Split_Defferal" >
                       		<parameter name="ManualTCName" value="PPTMOBILE_Deferral_005_Enroll_OneTime_Maximizer_with_PPC_Standard_And_CatchUp_With_Split_Defferal"/>
                        </include>           
                     <include name="PPTMOBILE_Deferral_006_OneTime_Maximizer_with_Update_Salary_And_PPC_With_Std_And_CatchUp_Defferal_Type" >
                       		<parameter name="ManualTCName" value="PPTMOBILE_Deferral_006_OneTime_Maximizer_with_Update_Salary_And_PPC_With_Std_And_CatchUp_Defferal_Type"/>
                       </include>     
                      <include name="PPTMOBILE_022_Enroll_OnGoing_Maximizer_With_Update_Salary_And_PPC_during_session" >
                       		<parameter name="ManualTCName" value="PPTMOBILE_022_Enroll_OnGoing_Maximizer_With_Update_Salary_And_PPC_during_session"/>
                        </include>                                           
                      <include name="PPTMOBILE_Deferral_004_Enroll_OnGoing_Maximizer_With_Update_Salary_And_PPC_For_Std_Defferal_Type" >
                       		<parameter name="ManualTCName" value="PPTMOBILE_Deferral_004_Enroll_OnGoing_Maximizer_With_Update_Salary_And_PPC_For_Std_Defferal_Type"/>
                        </include>         
                                 
                        <include name="PPTMOBILE_Deferral_013_DDTC_7291_7248_Deferral_Type_Percent_type_Not_in_Enrollment_flow_Edit_and_Save" >
                       		<parameter name="ManualTCName" value="PPTMOBILE_Deferral_013_DDTC_7291_7248_Deferral_Type_Percent_type_Not_in_Enrollment_flow_Edit_and_Save"/>
                        </include>                          
                                  
 
                          <include name="PPTMOBILE_Deferral_015_DDTC_7215_7299_Deferral_Type_Dollor_type_Not_in_Enrollment_flow_Edit_And_Save" >
                       		<parameter name="ManualTCName" value="PPTMOBILE_Deferral_015_DDTC_7215_7299_Deferral_Type_Dollor_type_Not_in_Enrollment_flow_Edit_And_Save"/>
                        </include>    
                       
               <!--      <include name="PPTMOBILE_Deferral_016_DDTC_7207_Deferral_Type_Percent_Rate_in_Enrollment_flow_Add_and_Save" >
                       		<parameter name="ManualTCName" value="PPTMOBILE_Deferral_016_DDTC_7207_Deferral_Type_Percent_Rate_in_Enrollment_flow_Add_and_Save"/>
                        </include> 
              		    <include name="PPTMOBILE_Deferral_034_DDTC_7310_Shoping_Cart_Allowed_Dollor_Contribution" >
                       		<parameter name="ManualTCName" value="PPTMOBILE_Deferral_034_DDTC_7310_Shoping_Cart_Allowed_Dollor_Contribution"/>
                        </include>  
                        <include name="PPTMOBILE_Deferral_035_DDTC_7198_Shoping_Cart_Allowed_Percentage_Contribution" >
                       		<parameter name="ManualTCName" value="PPTMOBILE_Deferral_035_DDTC_7198_Shoping_Cart_Allowed_Percentage_Contribution"/>
                        </include>                        
                         <include name="PPTMOBILE_Deferral_017_DDTC_7300_Deferral_Type_Dollor_Amount_in_Enrollment_flow_Add_and_Save">
                       		<parameter name="ManualTCName" value="PPTMOBILE_Deferral_017_DDTC_7300_Deferral_Type_Dollor_Amount_in_Enrollment_flow_Add_and_Save"/>
                          </include>       
                 
                    <include name="PPTMOBILE_Deferral_018_DDTC_12338_View_Only_After_Tax_Deferral_Group_With_No_Values">
                       		<parameter name="ManualTCName" value="PPTMOBILE_Deferral_018_DDTC_12338_View_Only_After_Tax_Deferral_Group_With_No_Values"/>
                        </include>   
                        <include name="PPTMOBILE_Deferral_019_DDTC_12339_Bonus_One_View_Only_And_One_Non_View_Deferral">
                       		<parameter name="ManualTCName" value="PPTMOBILE_Deferral_019_DDTC_12339_Bonus_One_View_Only_And_One_Non_View_Deferral"/>
                       </include> 
                        <include name="PPTMOBILE_Deferral_020_DDTC_DTC_12334_View_Only_Other_with_split_contributions">
                       		<parameter name="ManualTCName" value="PPTMOBILE_Deferral_020_DDTC_DTC_12334_View_Only_Other_with_split_contributions"/>
                        </include>      
                        <include name="PPTMOBILE_Deferral_021_DDTC_DTC_12340_Validation_If_Contribution_Rate_Less_Than_View_Only_Deferrals">
                       		<parameter name="ManualTCName" value="PPTMOBILE_Deferral_021_DDTC_DTC_12340_Validation_If_Contribution_Rate_Less_Than_View_Only_Deferrals"/>
                        </include>                
                     
                  <include name="PPTMOBILE_Deferral_023_DDTC_12335_View_Only_Deferral_Group" >
                       		<parameter name="ManualTCName" value="PPTMOBILE_Deferral_023_DDTC_12335_View_Only_Deferral_Group"/>
                        </include>                   
              
                       <include name="PPTMOBILE_Deferral_026_DDTC_12353_Split_Rate_Page_View_Only_Deferral" >
                       		<parameter name="ManualTCName" value="PPTMOBILE_Deferral_026_DDTC_12353_Split_Rate_Page_View_Only_Deferral"/>
                        </include>
                   <include name="PPTMOBILE_Deferral_027_DDTC_12354_Split_Page_One_Deferral_Enter_Rate_Less_Than_Minimum" >
                       		<parameter name="ManualTCName" value="PPTMOBILE_Deferral_027_DDTC_12354_Split_Page_One_Deferral_Enter_Rate_Less_Than_Minimum"/>
                        </include>  
                       <include name="PPTMOBILE_Deferral_031_DDTC_27410_Company_Match_Rule_When_Salary_Variable_Gets_Updated_From_Income_Goal_Pages" >
                       		<parameter name="ManualTCName" value="PPTMOBILE_Deferral_031_DDTC_27410_Company_Match_Rule_When_Salary_Variable_Gets_Updated_From_Income_Goal_Pages"/>
                        </include>  
                        <include name="PPTMOBILE_Deferral_032_DDTC_27411_Company_Match_Rule_When_Salary_Base_Gets_Updated_From_Income_Goal_Pages" >
                       		<parameter name="ManualTCName" value="PPTMOBILE_Deferral_032_DDTC_27411_Company_Match_Rule_When_Salary_Base_Gets_Updated_From_Income_Goal_Pages"/>
                        </include>    
                        <include name="PPTMOBILE_Deferral_033_DDTC_27707_Company_Match_Rule_When_Salary_BaseAndSalary_Gets_Updated_From_Income_Goal_Pages" >
                       		<parameter name="ManualTCName" value="PPTMOBILE_Deferral_033_DDTC_27707_Company_Match_Rule_When_Salary_BaseAndSalary_Gets_Updated_From_Income_Goal_Pages"/>
                        </include> 
             
                     <include name="PPTMOBILE_Deferral_037_DDTC_5292_Auto_Increase_Add_PopUp_Message_For_Change_In_Selection_Percentage" >
                       		<parameter name="ManualTCName" value="PPTMOBILE_Deferral_037_DDTC_5292_Auto_Increase_Add_PopUp_Message_For_Change_In_Selection_Percentage"/>
                        </include>                        
 
                      <include name="PPTMOBILE_Deferral_039_DDTC_7225_Auto_Increase_Standard_Percentage" >
                       		<parameter name="ManualTCName" value="PPTMOBILE_Deferral_039_DDTC_7225_Auto_Increase_Standard_Percentage"/>
                        </include>   
                           <include name="PPTMOBILE_Deferral_041_DDTC_7236_Auto_Increase_Roth_Percentage" >
                       		<parameter name="ManualTCName" value="PPTMOBILE_Deferral_041_DDTC_7236_Auto_Increase_Roth_Percentage"/>
                        </include>   
                         <include name="PPTMOBILE_Deferral_038_DDTC_5275_Auto_Increase_Add_PopUp_Message_For_Change_In_Selection_With_Dollor" >
                       		<parameter name="ManualTCName" value="PPTMOBILE_Deferral_038_DDTC_5275_Auto_Increase_Add_PopUp_Message_For_Change_In_Selection_With_Dollor"/>
                        </include>   
                         	  <include name="PPTMOBILE_Deferral_040_DDTC_7267_Auto_Increase_Standard_Dollor" >
                       		<parameter name="ManualTCName" value="PPTMOBILE_Deferral_040_DDTC_7267_Auto_Increase_Standard_Dollor"/>
                        </include>  
                     
                           <include name="PPTMOBILE_Deferral_042_DDTC_7221_Auto_Increase_Roth_Dollor" >
                       		<parameter name="ManualTCName" value="PPTMOBILE_Deferral_042_DDTC_7221_Auto_Increase_Roth_Dollor"/>
                        </include>                      
   
                     <include name="PPTMOBILE_Deferral_011_DDTC_5289_Contribution_Maximize_Catch_Up_Changes_in_Salary" >
                    		<parameter name="ManualTCName" value="PPTMOBILE_Deferral_011_DDTC_5289_Contribution_Maximize_Catch_Up_Changes_in_Salary"/>
                        </include>                
                     
                    <include name="PPTMOBILE_Deferral_029_DDTC_5311_Adding_Company_Match_in_Custom_Enrollement" >
                       		<parameter name="ManualTCName" value="PPTMOBILE_Deferral_029_DDTC_5311_Adding_Company_Match_in_Custom_Enrollement"/>
                        </include>  
                    <include name="PPTMOBILE_Deferral_036_DDTC_27836_Contribution_TTK_Message" >
                     <parameter name="ManualTCName" value="PPTMOBILE_Deferral_036_DDTC_27836_Contribution_TTK_Message"/>
              		</include> 
   	  			   <include name="DDTC_31325_TC_045_LIAT_Grandfathered_Deferrral_Type_change" >
                      <parameter name="ManualTCName" value="DDTC_31325_TC_045_LIAT_Grandfathered_Deferrral_Type_change"/>
                     </include>                		
 				    <include name="DDTC_31323_TC_045_LIAT_With_Single_Grandfathered_Deferral" >
                      <parameter name="ManualTCName" value="DDTC_31323_TC_045_LIAT_With_Single_Grandfathered_Deferral"/>
                        </include> 
                          <include name="DDTC_31324_TC_046_LIAT_With_Multiple_Grandfathered_Deferral" >
                      <parameter name="ManualTCName" value="DDTC_31324_TC_046_LIAT_With_Multiple_Grandfathered_Deferral"/>
                        </include> 
                       <include name="DDTC_31325_TC_047_LIAT_Grandfathered_Deferral_With_Age" >
                      <parameter name="ManualTCName" value="DDTC_31325_TC_047_LIAT_Grandfathered_Deferral_With_Age"/>
                        </include>  
                  <include name="DDTC_30890_TC_048_Deferral_Restriction_Error_Core_3020" >
                      <parameter name="ManualTCName" value="DDTC_30890_TC_048_Deferral_Restriction_Error_Core_3020"/>
                        </include> 
                        <include name="DDTC_30895_TC_049_Deferral_Restriction_Error_Core_3050" >
                      <parameter name="ManualTCName" value="DDTC_30895_TC_049_Deferral_Restriction_Error_Core_3050"/>
                        </include> 
                         <include name="DDTC_30892_TC_050_Deferral_Restriction_Error_Core_3021" >
                      <parameter name="ManualTCName" value="DDTC_30892_TC_050_Deferral_Restriction_Error_Core_3021"/>
                        </include>
                           <include name="DDTC_30894_TC_053_Deferral_Restriction_Error_Core_3050_Period_Frequency" >
                      <parameter name="ManualTCName" value="DDTC_30894_TC_053_Deferral_Restriction_Error_Core_3050_Period_Frequency"/>
                        </include>      
                		<include name="DDTC_30893_TC_051_Deferral_Restriction_Error_Core_3016" >
                      <parameter name="ManualTCName" value="DDTC_30893_TC_051_Deferral_Restriction_Error_Core_3016"/>
                        </include> 
                 	   <include name="DDTC_30891_TC_052_Deferral_Restriction_Error_Core_3044" >
                      <parameter name="ManualTCName" value="DDTC_30891_TC_052_Deferral_Restriction_Error_Core_3044"/>
                        </include>  
                        
                           <include name="DDTC_30886_TC_054_PPC_Rate_For_Standard_And_Catch_Up_With_Split_Option" >
                  		    <parameter name="ManualTCName" value="DDTC_30886_TC_054_PPC_Rate_For_Standard_And_Catch_Up_With_Split_Option"/>
                        </include>                      
                            -->
                    </methods>
                    
            </class>
        </classes>
    </test>   
    </suite>
    