<?xml version="1.0" encoding="UTF-8"?>
<!DOCTYPE suite PUBLIC "SYSTEM" "http://testng.org/testng-1.0.dtd">
<suite  name="PW Mobile" >  <!--parallel="tests" thread-count="2">-->
	<listeners>
		<listener class-name="core.framework.TestListener" />
	</listeners>
	<test name="AOD Test cases" >
	 
	    <classes>	    
	        	 <class name="com.greatWest.aod.AODTestCases">
                <methods> 
                    <include name="AOD_TC010_DDTC_34018_Single_Plan_FDD_Enabled" >
                       		<parameter name="ManualTCName" value="AOD_TC010_DDTC_34018_Single_Plan_FDD_Enabled"/>
                        </include>              
                                  
				</methods> 		
			</class> 	
		</classes>
		</test>		
			    
</suite>
