<?xml version="1.0" encoding="UTF-8"?>
<!DOCTYPE suite PUBLIC "SYSTEM" "http://testng.org/testng-1.0.dtd">
<suite name="testsuite" verbose="1"> 
     
    <listeners>
        <listener class-name="core.framework.TestListener"/>
    </listeners> 
   <test name="Login_Test">         
        <classes>
         <class name="com.greatWest.login.LoginTestCases">
                <methods>               
             
                      <include name="PPTMOBILE_Login_001_DDTC_7841_Verify_Mobile_App_Login_Screen_Elements" >
                       	<parameter name="ManualTCName" value="PPTMOBILE_Login_001_DDTC_7841_Verify_Mobile_App_Login_Screen_Elements" />
                        </include> 
                         <include name="PPTMOBILE_Login_002_DDTC_7302_Verify_Mobile_App_Login_Screen_Entry_Fields_and_Links" >
                       	<parameter name="ManualTCName" value="PPTMOBILE_Login_002_DDTC_7302_Verify_Mobile_App_Login_Screen_Entry_Fields_and_Links" />
                        </include>
                          <include name="PPTMOBILE_Login_003_DDTC_7272_MFA_Verification_Screen_Basic_Fields_and_Functionality" >
                       	<parameter name="ManualTCName" value="PPTMOBILE_Login_003_DDTC_7272_MFA_Verification_Screen_Basic_Fields_and_Functionality" />
                        </include>                         
                         <include name="PPTMOBILE_Login_004_DDTC_7240_QA_Login_Add_online_agreement_message_button_and_modal_disclosure" >
                        	<parameter name="ManualTCName" value="PPTMOBILE_Login_004_DDTC_7240_QA_Login_Add_online_agreement_message_button_and_modal_disclosure" />
                        </include>                    
                        <include name="PPTMOBILE_Login_005_DDTC_7231_Code_Sent_Screen_Negative_Code_Entered" >
                       	<parameter name="ManualTCName" value="PPTMOBILE_Login_005_DDTC_7231_Code_Sent_Screen_Negative_Code_Entered" />
                        </include>      
                        <include name="PPTMOBILE_Login_006_DDTC_7238_QA_Login_Screen_Negative_Flow" >
                       	<parameter name="ManualTCName" value="PPTMOBILE_Login_006_DDTC_7238_QA_Login_Screen_Negative_Flow" />
                        </include>    
                		<include name="PPTMOBILE_Login_007_DDTC_7234_Login_Scree_Login_Prevent_Lock_Account" >
                       	<parameter name="ManualTCName" value="PPTMOBILE_Login_007_DDTC_7234_Login_Scree_Login_Prevent_Lock_Account" />
                        </include>    
                                                                    
                        <include name="PPTMOBILE_Login_008_DDTC_7227_Login_Screen_Login_Lock_Account" >
                       	<parameter name="ManualTCName" value="PPTMOBILE_Login_008_DDTC_7227_Login_Screen_Login_Lock_Account" />
                        </include>   
                           <include name="PPTMOBILE_Reg_MFA_ON_TC01_DDTC_6308_5Point_registration_Contact_Info_Not_Available">
						<parameter name="ManualTCName"
							value="PPTMOBILE_Reg_MFA_ON_TC01_DDTC_6308_5Point_registration_Contact_Info_Not_Available" />
					</include>
					  <include 	name="PPTMOBILE_Reg_MFA_ON_TC02_DDTC_6265_5Point_registration_Contact_Info_Available">
						<parameter name="ManualTCName"
							value="PPTMOBILE_Reg_MFA_ON_TC02_DDTC_6265_5Point_registration_Contact_Info_Available" />
					</include>	  	 
				   <include name="PPTMOBILE_Reg_MFA_OFF_TC03_DDTC_6287_6264_7253_7304_Point_registration_Contact_Info_Available">
						<parameter name="ManualTCName"
							value="PPTMOBILE_Reg_MFA_OFF_TC03_DDTC_6287_6264_7253_7304_Point_registration_Contact_Info_Available" />
					</include>		               		 
				 <include 	name="PPTMOBILE_Reg_MFA_OFF_TC04_DDTC_6306_6271_5Point_registration_Contact_Info_Not_Available">
						<parameter name="ManualTCName"
							value="PPTMOBILE_Reg_MFA_OFF_TC04_DDTC_6306_6271_5Point_registration_Contact_Info_Not_Available" />
					</include>
			  	 <include name="PPTMOBILE_Reg_MFA_OFF_TC05_DDTC_6267_Verify_Registration_Page">
						<parameter name="ManualTCName"
							value="PPTMOBILE_Reg_MFA_OFF_TC05_DDTC_6267_Verify_Registration_Page" />
					</include> 
					<include name="PPTMOBILE_Reg_TC06_20243_DDTC_PassWord_Change_Validation">
						<parameter name="ManualTCName"
							value="PPTMOBILE_Reg_TC06_20243_DDTC_PassWord_Change_Validation" />
					</include>  
					     <include name="PPTMOBILE_Login_TC08_DDTC_5302_Magic_login_GWRS_Plan" >
                       	<parameter name="ManualTCName" value="PPTMOBILE_Login_TC08_DDTC_5302_Magic_login_GWRS_Plan" />
                  </include> 
                   <include name="PPTMOBILE_Login_TC09_DDTC_5300_Magic_login_Putnam_Plan" >
                       	<parameter name="ManualTCName" value="PPTMOBILE_Login_TC09_DDTC_5300_Magic_login_Putnam_Plan" />
                  </include>  
                   <include name="PPTMOBILE_Login_TC10_DDTC_6263_Magic_login_With_Multiple_Plans" >
                       	<parameter name="ManualTCName" value="PPTMOBILE_Login_TC10_DDTC_6263_Magic_login_With_Multiple_Plans" />
                  </include>    
                </methods>
            </class>
        </classes>
    </test>   
   <test name="Profile Test Cases ">         
        <classes>
             <class name="com.greatWest.profile.ProfileTestCases">
                <methods> 
                            
          			  <include name="PPTMOBILE_Profile_001_DDTC_20244_Password_Change_Validation_Profile_Page" >
                       		<parameter name="ManualTCName" value="PPTMOBILE_Profile_001_DDTC_20244_Password_Change_Validation_Profile_Page"/>
                        </include>                                      
                          <include name="PPTMOBILE_Profile_002_DDTC_12616_Add_UserName_To_Profile_With_View_And_Edit" >
                       		<parameter name="ManualTCName" value="PPTMOBILE_Profile_002_DDTC_12616_Add_UserName_To_Profile_With_View_And_Edit"/>
                        </include>             
                        
                          <include name="PPTMOBILE_Profile_003_DDTC_12635_Add_Contact_Info_To_Profile_WithView_And_Add" >
                       		<parameter name="ManualTCName" value="PPTMOBILE_Profile_003_DDTC_12635_Add_Contact_Info_To_Profile_WithView_And_Add"/>
                        </include>
                                       
                     <include name="PPTMOBILE_Profile_005_DDTC_12620_and_12621_Communication_Preference_Page" >
                       		<parameter name="ManualTCName" value="PPTMOBILE_Profile_005_DDTC_12620_and_12621_Communication_Preference_Page"/>
                        </include>     
                      <include name="PPTMOBILE_Profile_004_DDTC_12617_Update_UserName_And_Password_And_Verify" >
                       		<parameter name="ManualTCName" value="PPTMOBILE_Profile_004_DDTC_12617_Update_UserName_And_Password_And_Verify"/>
                        </include>   
                    </methods>
            </class>
        </classes>
  </test>  
<test name="Account Summary Test Cases ">         
        <classes>
             <class name="com.greatWest.accountSummary.AccountSummaryTestCases">
                <methods> 
                    <include name="PPTMOBILE_AccountSummary_001_DDTC_12347_DB_Plan_Only_With_PayOut_Status" >
                       		<parameter name="ManualTCName" value="PPTMOBILE_AccountSummary_001_DDTC_12347_DB_Plan_Only_With_PayOut_Status"/>
                        </include>                       
                        <include name="PPTMOBILE_AccountSummary_002_DDTC_12344_DB_Plan_Only" >
                       		<parameter name="ManualTCName" value="PPTMOBILE_AccountSummary_002_DDTC_12344_DB_Plan_Only"/>
                        </include>  
                           <include name="PPTMOBILE_AccountSummary_003_DDTC_12345_DB_TRS_Plan_With_DC_Plan" >
                       		<parameter name="ManualTCName" value="PPTMOBILE_AccountSummary_003_DDTC_12345_DB_TRS_Plan_With_DC_Plan"/>
                        </include>                                                 
                         <include name="PPTMOBILE_AccountSummary_004_DDTC_12346_DB_TRS_Plan_With_DC_Plan_With_PayOut_Status" >
                       		<parameter name="ManualTCName" value="PPTMOBILE_AccountSummary_004_DDTC_12346_DB_TRS_Plan_With_DC_Plan_With_PayOut_Status"/>
                        </include>
                       <include name="PPTMOBILE_AccountSummary_005_DDTC_12348_DB_TRS_Plan_Estimated_Benefit_Based_On_Accrued_Benefit_Feq" >
                       		<parameter name="ManualTCName" value="PPTMOBILE_AccountSummary_005_DDTC_12348_DB_TRS_Plan_Estimated_Benefit_Based_On_Accrued_Benefit_Feq"/>
                        </include>
                    </methods>
            </class>
        </classes>
  </test> 

   
  </suite>