<?xml version="1.0" encoding="UTF-8"?>
<!DOCTYPE suite PUBLIC "SYSTEM" "http://testng.org/testng-1.0.dtd">
<suite name="testsuite" verbose="1">

	<listeners>
		<listener class-name="core.framework.TestListener" />
	</listeners>
	<test name="My Investment Test Cases ">
		<classes>
			<class name="com.greatWest.investment.MyInvestmentsTestClass">
				<methods>
		      <!--     <include
						name="PPTMOBILE_Investment_001_DDTC_5303_My_Investments_Page_View">
						<parameter name="ManualTCName"
							value="PPTMOBILE_Investment_001_DDTC_5303_My_Investments_Page_View" />
					</include>
					<include
						name="PPTMOBILE_Investment_004_DDTC_6303_6270_Change_My_Investments_Page_For_Apple_Plan">
						<parameter name="ManualTCName"
							value="PPTMOBILE_Investment_004_DDTC_6303_6270_Change_My_Investments_Page_For_Apple_Plan" />
					</include>
					<include
						name="PPTMOBILE_Investment_009_DDTC_5307_and_6268_HMDI_Choose_A_Target_Date_Fund">
						<parameter name="ManualTCName"
							value="PPTMOBILE_Investment_009_DDTC_5307_and_6268_HMDI_Choose_A_Target_Date_Fund" />
					</include>
					<include
						name="PPTMOBILE_Investment_010_DDTC_5305_HMDI_Access_Online_Advice">
						<parameter name="ManualTCName"
							value="PPTMOBILE_Investment_010_DDTC_5305_HMDI_Access_Online_Advice" />
					</include>
					<include
						name="PPTMOBILE_Investment_008_DDTC_8529_8532_HMDI_Based_On_A_Module_Portfolio">
						<parameter name="ManualTCName"
							value="PPTMOBILE_Investment_008_DDTC_8529_8532_HMDI_Based_On_A_Module_Portfolio" />
					</include>
					<include
						name="PPTMOBILE_Investment_002_DDTC_5291_And_5272_Change_My_Investments">
						<parameter name="ManualTCName"
							value="PPTMOBILE_Investment_002_DDTC_5291_And_5272_Change_My_Investments" />
					</include>
					<include
						name="PPTMOBILE_Investment_003_DDTC_5304_DIFM_Already_Enrolled_In_Morning_Star">
						<parameter name="ManualTCName"
							value="PPTMOBILE_Investment_003_DDTC_5304_DIFM_Already_Enrolled_In_Morning_Star" />
					</include>
					<include
						name="PPTMOBILE_Investment_005_DDTC_8624_Already_Participant_Enrolled_With_MA">
						<parameter name="ManualTCName"
							value="PPTMOBILE_Investment_005_DDTC_8624_Already_Participant_Enrolled_With_MA" />
					</include>
				
					<include name="PPTMOBILE_Investment_011_DDTC_6277_HMDI_Risk_Based_Fund">
						<parameter name="ManualTCName"
							value="PPTMOBILE_Investment_011_DDTC_6277_HMDI_Risk_Based_Fund" />
					</include>
					<include
						name="PPTMOBILE_Investment_012_DDTC_8531_HMDI_Single_Module_Portfolio">
						<parameter name="ManualTCName"
							value="PPTMOBILE_Investment_012_DDTC_8531_HMDI_Single_Module_Portfolio" />
					</include>
					<include name="PPTMOBILE_Investment_007_DDTC_8602_HMDI_Enrollement_Flow">
						<parameter name="ManualTCName"
							value="PPTMOBILE_Investment_007_DDTC_8602_HMDI_Enrollement_Flow" />
					</include>
					<include
						name="PPTMOBILE_Investment_013_DDTC_8533_5286_5306_6275_6272_DIM_CIF_Build_Your_Own_Portfolio_With_Models">
						<parameter name="ManualTCName"
							value="PPTMOBILE_Investment_013_DDTC_8533_5286_5306_6275_6272_DIM_CIF_Build_Your_Own_Portfolio_With_Models" />
					</include>

		        	<include
						name="PPTMOBILE_Investment_Enrollment_016_DDTC_8613_DIM_CIF_No_Default_Investement">
						<parameter name="ManualTCName"
							value="PPTMOBILE_Investment_Enrollment_016_DDTC_8613_DIM_CIF_No_Default_Investement" />
					</include>
					<include
						name="PPTMOBILE_Investment_Enrollment_017_DDTC_8607_DIM_CIF_Default_Investement_Is_Model_Portfolio">
						<parameter name="ManualTCName"
							value="PPTMOBILE_Investment_Enrollment_017_DDTC_8607_DIM_CIF_Default_Investement_Is_Model_Portfolio" />
					</include> 
				 	<include
						name="PPTMOBILE_Investment_Enrollment_018_DDTC_8610_DIM_CIF_Model_Portfolio_Is_Not_default_Investment">
						<parameter name="ManualTCName"
							value="PPTMOBILE_Investment_Enrollment_018_DDTC_8610_DIM_CIF_Model_Portfolio_Is_Not_default_Investment" />
					</include>
					<include
						name="DDTC_29773_TC019_Investment_DIFM_Enroll_In_Manage_Account_For_financial_Engines_Single_Plan">
						<parameter name="ManualTCName"
							value="DDTC_29773_TC019_Investment_DIFM_Enroll_In_Manage_Account_For_financial_Engines_Single_Plan" />
					</include>
					 <include
						name="DDTC_29779_TC020_Investment_DIFM_Enroll_In_Manage_Account_For_financial_Engines_Single_Plan">
						<parameter name="ManualTCName"
							value="DDTC_29779_TC020_Investment_DIFM_Enroll_In_Manage_Account_For_financial_Engines_Single_Plan" />
					</include>
				 <include
						name="DDTC_29780_29774_TC021_Investment_LIAT_DIFM_Enroll_In_Manage_Account_For_financial_Engines_Single_Plan">
						<parameter name="ManualTCName"
							value="DDTC_29780_29774_TC021_Investment_LIAT_DIFM_Enroll_In_Manage_Account_For_financial_Engines_Single_Plan" />
					</include>
					<include
						name="DDTC_29770_29772_TC022_Investment_DIFM_Enroll_In_Manage_Account_For_Moring_Star_Single_Plan">
						<parameter name="ManualTCName"
							value="DDTC_29770_29772_TC022_Investment_DIFM_Enroll_In_Manage_Account_For_Moring_Star_Single_Plan" />
					</include>


					<include
						name="DDTC_29769_29771_TC024_Investment_DIFM_Enroll_In_Manage_Account_For_Moring_Star_Multiple_Plan">
						<parameter name="ManualTCName"
							value="DDTC_29769_29771_TC024_Investment_DIFM_Enroll_In_Manage_Account_For_Moring_Star_Multiple_Plan" />
					</include>


	
			<include
						name="DDTC_29776_TC025_Investment_Rebalancer_DIFM_Enroll_In_Manage_Account_For_Moring_Star_Single_Plan">
						<parameter name="ManualTCName"
							value="DDTC_29776_TC025_Investment_Rebalancer_DIFM_Enroll_In_Manage_Account_For_Moring_Star_Single_Plan" />
					</include>
					<include
						name="DDTC_29775_TC026_Investment_Rebalancer_DIFM_Enroll_In_Manage_Account_For_Moring_Star_Multiple_Plan">
						<parameter name="ManualTCName"
							value="DDTC_29775_TC026_Investment_Rebalancer_DIFM_Enroll_In_Manage_Account_For_Moring_Star_Multiple_Plan" />
					</include>

							<include
						name="DDTC_27482_TC028_Rebal_And_Sync_Allocation_HMDI_Target_Date_Offer_All_Mntype">
						<parameter name="ManualTCName"
							value="DDTC_27482_TC028_Rebal_And_Sync_Allocation_HMDI_Target_Date_Offer_All_Mntype" />
					</include>
					<include
						name="DDTC_27483_TC029_Rebal_And_Sync_Allocation_HMDI_Target_Date_Offer_No_Mntype">
						<parameter name="ManualTCName"
							value="DDTC_27483_TC029_Rebal_And_Sync_Allocation_HMDI_Target_Date_Offer_No_Mntype" />
					</include>-->
				<include
						name="DDTC_27484_TC30_Rebal_And_Sync_Allocation_HMDI_Target_Date_DoesNotOffer_All_Mntype">
						<parameter name="ManualTCName"
							value="DDTC_27484_TC30_Rebal_And_Sync_Allocation_HMDI_Target_Date_DoesNotOffer_All_Mntype" />
					</include>
					<include
						name="DDTC_27473_TC031_Rebal_Sync_HMDI_RiskBased_Offer_All_Mntype">
						<parameter name="ManualTCName"
							value="DDTC_27473_TC031_Rebal_Sync_HMDI_RiskBased_Offer_All_Mntype" />
					</include>
					<include
						name="DDTC_27474_TC32_Rebal_Sync_HMDI_RiskBased_DoesNotOffer_All_Mntype">
						<parameter name="ManualTCName"
							value="DDTC_27474_TC32_Rebal_Sync_HMDI_RiskBased_DoesNotOffer_All_Mntype" />
					</include>
						<include
						name="DDTC_27767_27472_TC33_LIAT_With_UnRestricted_Funds_RiskBased_Offer_No_Mntype">
						<parameter name="ManualTCName"
							value="DDTC_27767_27472_TC33_LIAT_With_UnRestricted_Funds_RiskBased_Offer_No_Mntype" />
					</include>
				 <include
						name="DDTC_27464_27766_27770_TC034_Rebal_Only_HMDI_Target_Date_Offer_All_Mntype">
						<parameter name="ManualTCName"
							value="DDTC_27464_27766_27770_TC034_Rebal_Only_HMDI_Target_Date_Offer_All_Mntype" />
					</include>
					<include
						name="DDTC_27470_27763_TC035_LIAT_Smart_Restriction_Target_Date_Not_All_Mntype">
						<parameter name="ManualTCName"
							value="DDTC_27470_27763_TC035_LIAT_Smart_Restriction_Target_Date_Not_All_Mntype" />
					</include>
					<include
						name="DDTC_27469_TC036_Rebal_Only_HMDI_Target_Date_Offer_No_Mntype">
						<parameter name="ManualTCName"
							value="DDTC_27469_TC036_Rebal_Only_HMDI_Target_Date_Offer_No_Mntype" />
					</include>  
					<include
						name="DDTC_27466_TC037_Rebal_Only_HMDI_RiskBased_Offer_All_Mntype">
						<parameter name="ManualTCName"
							value="DDTC_27466_TC037_Rebal_Only_HMDI_RiskBased_Offer_All_Mntype" />
					</include>
					<include
						name="DDTC_27454_TC038_Rebal_Only_HMDI_RiskBased_DoesNotOffer_All_Mntype">
						<parameter name="ManualTCName"
							value="DDTC_27454_TC038_Rebal_Only_HMDI_RiskBased_DoesNotOffer_All_Mntype" />
					</include>
					<include
						name="DDTC_27462_TC039_Rebal_Only_HMDI_RiskBased_Offer_No_Mntype">
						<parameter name="ManualTCName"
							value="DDTC_27462_TC039_Rebal_Only_HMDI_RiskBased_Offer_No_Mntype" />
					</include> 
				<include
						name="DDTC_27457_TC040_Rebal_Only_Allocation_DIM_Choose_Individual_Funds_Offer_All_Mntype">
						<parameter name="ManualTCName"
							value="DDTC_27457_TC040_Rebal_Only_Allocation_DIM_Choose_Individual_Funds_Offer_All_Mntype" />
					</include>

					<include
						name="DDTC_31515_27765_TC042_Rebal_Only_Allocation_DIM_Choose_Individual_Funds_Offer_No_Mntype">
						<parameter name="ManualTCName"
							value="DDTC_31515_27765_TC042_Rebal_Only_Allocation_DIM_Choose_Individual_Funds_Offer_No_Mntype" />
					</include>

					 <include
						name="DDTC_31517_TC044_Rebal_Sync_Allocation_DIM_Choose_Individual_Funds_DoesNotOffer_All_Mntype">
						<parameter name="ManualTCName"
							value="DDTC_31517_TC044_Rebal_Sync_Allocation_DIM_Choose_Individual_Funds_DoesNotOffer_All_Mntype" />
					</include>

				 	<include
						name="DDTC_27768_TC046_Smart_Restrictions_PPT_with_Zero_balance_And_All_MTG">
						<parameter name="ManualTCName"
							value="DDTC_27768_TC046_Smart_Restrictions_PPT_with_Zero_balance_And_All_MTG" />
					</include>

					<include
						name="DDTC_27769_27764_31516_TC47_LIAT_Smart_Restriction_Rebalance_LandingPage_Withonly_UnRetsricted_Fund">
						<parameter name="ManualTCName"
							value="DDTC_27769_27764_31516_TC47_LIAT_Smart_Restriction_Rebalance_LandingPage_Withonly_UnRetsricted_Fund" />
					</include>
					<include
						name="DDTC_27773_27772_TC48_LIAT_Smart_Restriction_Model_portoflio_funds">
						<parameter name="ManualTCName"
							value="DDTC_27773_27772_TC48_LIAT_Smart_Restriction_Model_portoflio_funds" />
					</include> 
					<!-- 	<include
						name="PPTMOBILE_Investment_006_DDTC_28835_DIFM_Already_enrolled_In_Financial_Engine">
						<parameter name="ManualTCName"
							value="PPTMOBILE_Investment_006_DDTC_28835_DIFM_Already_enrolled_In_Financial_Engine" />
					</include>   -->
			</methods>
			</class>
		</classes>
	</test>
</suite>