<?xml version="1.0" encoding="UTF-8"?>
<!DOCTYPE suite PUBLIC "SYSTEM" "http://testng.org/testng-1.0.dtd">
<suite name="testsuite" verbose="1"> 
     
    <listeners>
        <listener class-name="core.framework.TestListener"/>
    </listeners> 
  	<!-- 	   <test name="Deferrals Test Cases ">         
        <classes>
             <class name="com.greatWest.deferrals.DeferralsTestCases">
                <methods>                          
                   
          	    <include name="PPTMOBILE_Deferral_001_DDTC_7292_QA_Contributions_Maximize_to_the_IRS_Limit" >
                       		<parameter name="ManualTCName" value="PPTMOBILE_Deferral_001_DDTC_7292_QA_Contributions_Maximize_to_the_IRS_Limit" />  
                        </include>   
                        	  
                       <include name="PPTMOBILE_Deferral_002_DDTC_7224_Contributions_Maximize_to_the_company_match" >
                       		<parameter name="ManualTCName" value="PPTMOBILE_Deferral_002_DDTC_7224 Contributions - Maximize to the company match"/>
                        </include>  
                        <include name="PPTMOBILE_Deferral_007_DDTC_5287_QA_Contributions_Maximizer_CatchUp_Maximize_Me_Always_NOT_Selected_for_Standard_type" >
                           <parameter name="ManualTCName" value="PPTMOBILE_Deferral_007_DDTC_5287_QA_Contributions_Maximizer_CatchUp_Maximize_Me_Always_NOT_Selected_for_Standard_type"/>
                        </include> 
                          <include name="PPTMOBILE_Deferral_003_DDTC_6291_Catch_Up_Maximizer_Changes_in_Standard_selection_type" >
                       		<parameter name="ManualTCName" value="PPTMOBILE_Deferral_003_DDTC_6291_Catch_Up_Maximizer_Changes_in_Standard_selection_type"/>
                        </include>   
                                                                   
 						 <include name="PPTMOBILE_Deferral_008_DDTC_5301_Contribution_Maximizer_Saving_both_standard_and_catchup" >
                       		<parameter name="ManualTCName" value="PPTMOBILE_Deferral_008_DDTC_5301_Contribution_Maximizer_Saving_both_standard_and_catchup"/>
                        </include>     
                            <include name="PPTMOBILE_Deferral_009_DDTC_8187_Contributions_Maximizer_Catch_Up_Onetime_Salary_Update" >
                       		<parameter name="ManualTCName" value="PPTMOBILE_Deferral_009_DDTC_8187_Contributions_Maximizer_Catch_Up_Onetime_Salary_Update"/>
                        </include>   
                        <include name="PPTMOBILE_Deferral_010_DDTC_7197_Maximizer_Catchup_Maximize_me_Always_selected_for_Standard_type" >
                       		<parameter name="ManualTCName" value="PPTMOBILE_Deferral_010_DDTC_7197_Maximizer_Catchup_Maximize_me_Always_selected_for_Standard_type"/>
                        </include> 
                     
                       <include name="PPTMOBILE_Deferral_028_DDTC_5294_Adding_Company_Match_In_Contribution_Page" >
                       		<parameter name="ManualTCName" value="PPTMOBILE_Deferral_028_DDTC_5294_Adding_Company_Match_In_Contribution_Page"/>
                        </include>          
                                    
              
                    <include name="PPTMOBILE_Deferral_005_DDTC_6302_Prior_plan_contributions_data_not_on_file_and_catch_up_allowed" >
                       		<parameter name="ManualTCName" value="PPTMOBILE_Deferral_005_DDTC_6302_Prior_plan_contributions_data_not_on_file_and_catch_up_allowed"/>
                        </include>               
                     <include name="PPTMOBILE_Deferral_006_DDTC_6289_Prior_plan_contributions_data_not_on_file_and_catch_up_not_allowed" >
                       		<parameter name="ManualTCName" value="PPTMOBILE_Deferral_006_DDTC_6289_Prior_plan_contributions_data_not_on_file_and_catch_up_not_allowed"/>
                       </include>     
                          <include name="PPTMOBILE_Deferral_022_DDTC_6309_Prior_plan_contributions_data_entered_during_session" >
                       		<parameter name="ManualTCName" value="PPTMOBILE_Deferral_022_DDTC_6309_Prior_plan_contributions_data_entered_during_session"/>
                        </include>                                                   
                          <include name="PPTMOBILE_Deferral_004_DDTC_6286_ENROLL_Prior_plan_contributions_data_on_file" >
                       		<parameter name="ManualTCName" value="PPTMOBILE_Deferral_004_DDTC_6286_ENROLL_Prior_plan_contributions_data_on_file"/>
                        </include>                         
                                               
                        <include name="PPTMOBILE_Deferral_012_DDTC_7248_Deferrals_Percent_type_Not_in_Enrollment_flow_Add_and_Save" >
                       		<parameter name="ManualTCName" value="PPTMOBILE_Deferral_012_DDTC_7248_Deferrals_Percent_type_Not_in_Enrollment_flow_Add_and_Save"/>
                        </include>                          
                          <include name="PPTMOBILE_Deferral_013_DDTC_7291_Deferral_Type_Percent_type_Not_in_Enrollment_flow_Edit_and_Save" >
                       		<parameter name="ManualTCName" value="PPTMOBILE_Deferral_013_DDTC_7291_Deferral_Type_Percent_type_Not_in_Enrollment_flow_Edit_and_Save"/>
                        </include>                    
                        <include name="PPTMOBILE_Deferral_014_DDTC_7299_Deferral_Type_Dollor_Type_Not_In_Enrollment_flow_Add_And_Save" >
                       		<parameter name="ManualTCName" value="PPTMOBILE_Deferral_014_DDTC_7299_Deferral_Type_Dollor_Type_Not_In_Enrollment_flow_Add_And_Save"/>
                        </include>      
                       <include name="PPTMOBILE_Deferral_015_DDTC_7215_Deferral_Type_Dollor_type_Not_in_Enrollment_flow_Edit_And_Save" >
                       		<parameter name="ManualTCName" value="PPTMOBILE_Deferral_015_DDTC_7215_Deferral_Type_Dollor_type_Not_in_Enrollment_flow_Edit_And_Save"/>
                        </include>  
                        <include name="PPTMOBILE_Deferral_016_DDTC_7207_Deferral_Type_Percent_Rate_in_Enrollment_flow_Add_and_Save" >
                       		<parameter name="ManualTCName" value="PPTMOBILE_Deferral_016_DDTC_7207_Deferral_Type_Percent_Rate_in_Enrollment_flow_Add_and_Save"/>
                        </include> 
              			   <include name="PPTMOBILE_Deferral_034_DDTC_7310_Shoping_Cart_Allowed_Dollor_Contribution" >
                       		<parameter name="ManualTCName" value="PPTMOBILE_Deferral_034_DDTC_7310_Shoping_Cart_Allowed_Dollor_Contribution"/>
                        </include>  
                         <include name="PPTMOBILE_Deferral_035_DDTC_7198_Shoping_Cart_Allowed_Percentage_Contribution" >
                       		<parameter name="ManualTCName" value="PPTMOBILE_Deferral_035_DDTC_7198_Shoping_Cart_Allowed_Percentage_Contribution"/>
                        </include> 
                         <include name="PPTMOBILE_Deferral_017_DDTC_7300_Deferral_Type_Dollor_Amount_in_Enrollment_flow_Add_and_Save">
                       		<parameter name="ManualTCName" value="PPTMOBILE_Deferral_017_DDTC_7300_Deferral_Type_Dollor_Amount_in_Enrollment_flow_Add_and_Save"/>
                          </include>                        
                    
              
                       <include name="PPTMOBILE_Deferral_018_DDTC_12338_View_Only_After_Tax_Deferral_Group_With_No_Values">
                       		<parameter name="ManualTCName" value="PPTMOBILE_Deferral_018_DDTC_12338_View_Only_After_Tax_Deferral_Group_With_No_Values"/>
                        </include>    
                        <include name="PPTMOBILE_Deferral_019_DDTC_12339_Bonus_One_View_Only_And_One_Non_View_Deferral">
                       		<parameter name="ManualTCName" value="PPTMOBILE_Deferral_019_DDTC_12339_Bonus_One_View_Only_And_One_Non_View_Deferral"/>
                       </include> 
                        <include name="PPTMOBILE_Deferral_020_DDTC_DTC_12334_View_Only_Other_with_split_contributions">
                       		<parameter name="ManualTCName" value="PPTMOBILE_Deferral_020_DDTC_DTC_12334_View_Only_Other_with_split_contributions"/>
                        </include>   
                         <include name="PPTMOBILE_Deferral_021_DDTC_DTC_12340_Validation_If_Contribution_Rate_Less_Than_View_Only_Deferrals">
                       		<parameter name="ManualTCName" value="PPTMOBILE_Deferral_021_DDTC_DTC_12340_Validation_If_Contribution_Rate_Less_Than_View_Only_Deferrals"/>
                        </include>                      
                     
                      <include name="PPTMOBILE_Deferral_023_DDTC_12335_View_Only_Deferral_Group" >
                       		<parameter name="ManualTCName" value="PPTMOBILE_Deferral_023_DDTC_12335_View_Only_Deferral_Group"/>
                        </include>                       
                      
                       <include name="PPTMOBILE_Deferral_026_DDTC_12353_Split_Rate_Page_View_Only_Deferral" >
                       		<parameter name="ManualTCName" value="PPTMOBILE_Deferral_026_DDTC_12353_Split_Rate_Page_View_Only_Deferral"/>
                        </include>
                     <include name="PPTMOBILE_Deferral_027_DDTC_12354_Split_Page_One_Deferral_Enter_Rate_Less_Than_Minimum" >
                       		<parameter name="ManualTCName" value="PPTMOBILE_Deferral_027_DDTC_12354_Split_Page_One_Deferral_Enter_Rate_Less_Than_Minimum"/>
                        </include>                      
                       
                           <include name="PPTMOBILE_Deferral_031_DDTC_27410_Company_Match_Rule_When_Salary_Variable_Gets_Updated_From_Income_Goal_Pages" >
                       		<parameter name="ManualTCName" value="PPTMOBILE_Deferral_031_DDTC_27410_Company_Match_Rule_When_Salary_Variable_Gets_Updated_From_Income_Goal_Pages"/>
                        </include>     
                      <include name="PPTMOBILE_Deferral_032_DDTC_27411_Company_Match_Rule_When_Salary_Base_Gets_Updated_From_Income_Goal_Pages" >
                       		<parameter name="ManualTCName" value="PPTMOBILE_Deferral_032_DDTC_27411_Company_Match_Rule_When_Salary_Base_Gets_Updated_From_Income_Goal_Pages"/>
                        </include>    
                          <include name="PPTMOBILE_Deferral_033_DDTC_27707_Company_Match_Rule_When_Salary_BaseAndSalary_Gets_Updated_From_Income_Goal_Pages" >
                       		<parameter name="ManualTCName" value="PPTMOBILE_Deferral_033_DDTC_27707_Company_Match_Rule_When_Salary_BaseAndSalary_Gets_Updated_From_Income_Goal_Pages"/>
                        </include>
                      
                         <include name="PPTMOBILE_Deferral_037_DDTC_5292_Auto_Increase_Add_PopUp_Message_For_Change_In_Selection_Percentage" >
                       		<parameter name="ManualTCName" value="PPTMOBILE_Deferral_037_DDTC_5292_Auto_Increase_Add_PopUp_Message_For_Change_In_Selection_Percentage"/>
                        </include>   
                        <include name="PPTMOBILE_Deferral_038_DDTC_5275_Auto_Increase_Add_PopUp_Message_For_Change_In_Selection_With_Dollor" >
                       		<parameter name="ManualTCName" value="PPTMOBILE_Deferral_038_DDTC_5275_Auto_Increase_Add_PopUp_Message_For_Change_In_Selection_With_Dollor"/>
                        </include>
                   
                      <include name="PPTMOBILE_Deferral_039_DDTC_7225_Auto_Increase_Standard_Percentage" >
                       		<parameter name="ManualTCName" value="PPTMOBILE_Deferral_039_DDTC_7225_Auto_Increase_Standard_Percentage"/>
                        </include>    
                           <include name="PPTMOBILE_Deferral_040_DDTC_7267_Auto_Increase_Standard_Dollor" >
                       		<parameter name="ManualTCName" value="PPTMOBILE_Deferral_040_DDTC_7267_Auto_Increase_Standard_Dollor"/>
                        </include>  
                         <include name="PPTMOBILE_Deferral_041_DDTC_7236_Auto_Increase_Roth_Percentage" >
                       		<parameter name="ManualTCName" value="PPTMOBILE_Deferral_041_DDTC_7236_Auto_Increase_Roth_Percentage"/>
                        </include>  
                             <include name="PPTMOBILE_Deferral_042_DDTC_7221_Auto_Increase_Roth_Dollor" >
                       		<parameter name="ManualTCName" value="PPTMOBILE_Deferral_042_DDTC_7221_Auto_Increase_Roth_Dollor"/>
                        </include>    
                                
             
                  <include name="PPTMOBILE_Deferral_011_DDTC_5289_Contribution_Maximize_Catch_Up_Changes_in_Salary" >
                       		<parameter name="ManualTCName" value="PPTMOBILE_Deferral_011_DDTC_5289_Contribution_Maximize_Catch_Up_Changes_in_Salary"/>
                        </include>
            
                       Test cases for Apple Plan with Catch View only  
                     <include name="PPTMOBILE_Deferral_024_DDTC_12342_Maximizer_Catch_Up_View_Only_Deferral_Group" >
                       		<parameter name="ManualTCName" value="PPTMOBILE_Deferral_024_DDTC_12342_Maximizer_Catch_Up_View_Only_Deferral_Group"/>
                        </include>  
                        
                       Test cases for Apple Plan with Standard View only                         
                            <include name="PPTMOBILE_Deferral_025_DDTC_12341_Maximizer_Standard_View_Only_Deferral_Group" >
                       		<parameter name="ManualTCName" value="PPTMOBILE_Deferral_025_DDTC_12341_Maximizer_Standard_View_Only_Deferral_Group"/>
                        </include>
                  
                        
                    <include name="PPTMOBILE_Deferral_029_DDTC_5311_Adding_Company_Match_in_Custom_Enrollement" >
                       		<parameter name="ManualTCName" value="PPTMOBILE_Deferral_029_DDTC_5311_Adding_Company_Match_in_Custom_Enrollement"/>
                        </include>  
                    
                    </methods>
            </class>
        </classes>
    </test>   --> 
<!-- 
  

 <test name="Account Summary Test Cases ">         
        <classes>
             <class name="com.greatWest.accountSummary.AccountSummaryTestCases">
                <methods> 
                    <include name="PPTMOBILE_AccountSummary_001_DDTC_12347_DB_Plan_Only_With_PayOut_Status" >
                       		<parameter name="ManualTCName" value="PPTMOBILE_AccountSummary_001_DDTC_12347_DB_Plan_Only_With_PayOut_Status"/>
                        </include>                        
                        <include name="PPTMOBILE_AccountSummary_002_DDTC_12344_DB_Plan_Only" >
                       		<parameter name="ManualTCName" value="PPTMOBILE_AccountSummary_002_DDTC_12344_DB_Plan_Only"/>
                        </include>
                           <include name="PPTMOBILE_AccountSummary_003_DDTC_12345_DB_TRS_Plan_With_DC_Plan" >
                       		<parameter name="ManualTCName" value="PPTMOBILE_AccountSummary_003_DDTC_12345_DB_TRS_Plan_With_DC_Plan"/>
                        </include>                                                 
                         <include name="PPTMOBILE_AccountSummary_004_DDTC_12346_DB_TRS_Plan_With_DC_Plan_With_PayOut_Status" >
                       		<parameter name="ManualTCName" value="PPTMOBILE_AccountSummary_004_DDTC_12346_DB_TRS_Plan_With_DC_Plan_With_PayOut_Status"/>
                        </include>
                         <include name="PPTMOBILE_AccountSummary_005_DDTC_12348_DB_TRS_Plan_Estimated_Benefit_Based_On_Accrued_Benefit_Feq" >
                       		<parameter name="ManualTCName" value="PPTMOBILE_AccountSummary_005_DDTC_12348_DB_TRS_Plan_Estimated_Benefit_Based_On_Accrued_Benefit_Feq"/>
                        </include>
                    </methods>
            </class>
        </classes>
  </test>   

 
   <test name="My Investment Test Cases ">         
        <classes>
             <class name="com.greatWest.investment.MyInvestmentsTestClass">
                <methods> 
              	   	 <include name="PPTMOBILE_Investment_001_DDTC_5303_My_Investments_Page_View" >
                       		<parameter name="ManualTCName" value="PPTMOBILE_Investment_001_DDTC_5303_My_Investments_Page_View"/>
                        </include>    
                           <include name="PPTMOBILE_Investment_004_DDTC_6303_Change_My_Investments_Page_For_Apple_Plan" >
                       		<parameter name="ManualTCName" value="PPTMOBILE_Investment_004_DDTC_6303_Change_My_Investments_Page_For_Apple_Plan"/>
                        </include>    
                            <include name="PPTMOBILE_Investment_008_DDTC_8529_HMDI_Based_On_A_Module_Portfolio" >
                       		<parameter name="ManualTCName" value="PPTMOBILE_Investment_008_DDTC_8529_HMDI_Based_On_A_Module_Portfolio"/>
                        </include>   
                            <include name="PPTMOBILE_Investment_009_DDTC_5307_and_6268_HMDI_Choose_A_Target_Date_Fund" >
                       		<parameter name="ManualTCName" value="PPTMOBILE_Investment_009_DDTC_5307_and_6268_HMDI_Choose_A_Target_Date_Fund"/>
                        </include>  
                           <include name="PPTMOBILE_Investment_010_DDTC_5305_HMDI_Access_Online_Advice" >
                       		<parameter name="ManualTCName" value="PPTMOBILE_Investment_010_DDTC_5305_HMDI_Access_Online_Advice"/>
                        </include>              
                      <include name="PPTMOBILE_Investment_002_DDTC_5291_And_5272_Change_My_Investments" >
                       		<parameter name="ManualTCName" value="PPTMOBILE_Investment_002_DDTC_5291_Change_My_Investments_How_would_you_like_to_invest_page"/>
                        </include>  
                     <include name="PPTMOBILE_Investment_003_DDTC_5304_D0_It_FOR_ME_Already_Enrolled_In_Morning_Star" >
                       		<parameter name="ManualTCName" value="PPTMOBILE_Investment_003_DDTC_5304_D0_It_FOR_ME_Already_Enrolled_In_Morning_Star"/>
                        </include>                      
                       <include name="PPTMOBILE_Investment_005_DDTC_8624_Already_Participant_Enrolled_With_MA" >
                       		<parameter name="ManualTCName" value="PPTMOBILE_Investment_005_DDTC_8624_Already_Participant_Enrolled_With_MA"/>
                        </include> 
                         <include name="PPTMOBILE_Investment_006_DDTC_28835_DO_IT_FOR_ME_Already_enrolled_In_Financial_Engine" >
                       		<parameter name="ManualTCName" value="PPTMOBILE_Investment_006_DDTC_28835_DO_IT_FOR_ME_Already_enrolled_In_Financial_Engine"/>
                        </include>   
                    
                               <include name="PPTMOBILE_Investment_011_DDTC_6277_HMDI_Risk_Based_Fund" >
                       		<parameter name="ManualTCName" value="PPTMOBILE_Investment_011_DDTC_6277_HMDI_Risk_Based_Fund"/>
                        </include>                       
                   
                           <include name="PPTMOBILE_Investment_012_DDTC_8531_HMDI_Single_Module_Portfolio" >
                       		<parameter name="ManualTCName" value="PPTMOBILE_Investment_012_DDTC_8531_HMDI_Single_Module_Portfolio"/>
                        </include> 
                  
                           <include name="PPTMOBILE_Investment_007_DDTC_8602_HMDI_Enrollement_Flow" >
                       		<parameter name="ManualTCName" value="PPTMOBILE_Investment_007_DDTC_8602_HMDI_Enrollement_Flow"/>
                        </include> 
                                                        
                       
                            
                    </methods>
            </class>
        </classes>
  </test>     
  -->
   <!-- 
      
      <test name="Verify_Login_Page_Nagitive">
     
        <classes>
            <class name="com.greatWest.appium.ParticipantMobile.login.LoginTestCases">
                <methods>
                    <include name="Mobile01_TC02_Verify_valid_Userid_and_Password"/>
                </methods>
            </class>
        </classes>
    </test>
 <test name="LookUpTest_For_Registeration">         
        <classes>
            <class name="com.greatWest.appium.ParticipantMobile.login.LookUpAccountTest">
                <methods>
                    <include name="TC_01_LookUpTest"/>
                </methods>
            </class>
        </classes>
     </test>  
      <test name="WebPage_Test">     
        <classes>
            <class name="com.greatWest.appium.ParticipantMobile.login.WebTestApplication">
                <methods>
                    <include name="LoginToPPTWeb"/>
                </methods>
            </class>
        </classes>
    </test>-->
 
</suite>
