<?xml version="1.0" encoding="UTF-8"?>
<!DOCTYPE suite PUBLIC "SYSTEM" "http://testng.org/testng-1.0.dtd">
<suite name="Test-class Suite" parallel="tests" thread-count="2">
 <test name="Test-class test 1">
       <parameter name="deviceName_" value="iPhone"/>
		<parameter name="UDID_" value="bd4f254c81b0ca007f813a4a59f5433dce8a9446"/>
		<parameter name="platformVersion_" value="iOS"/>
		<parameter name="URL_" value="http://127.0.0.1:4723/wd/hub"/>
			<parameter name="wdaPort" value="8100"/>
        <classes>
            <class name="com.greatWest.login.ParallelSuiteTest" />
        </classes>
    </test> 
 <test name="Test-class test 2">       
        <parameter name="deviceName_" value="iPad"/>
		<parameter name="UDID_" value="ecf8a218f78f49852d022c24352658682bd085e2"/>
		<parameter name="platformVersion_" value="iOS"/>
		<parameter name="URL_" value="http://127.0.0.1:4724/wd/hub"/>
			<parameter name="wdaPort" value="8102"/>	
        <classes>
             <class name="com.greatWest.login.ParallelSuiteTest" />
        </classes>
    </test> 
</suite>

