<?xml version="1.0" encoding="UTF-8"?>
<!DOCTYPE suite SYSTEM "http://testng.org/testng-1.0.dtd" >

<suite name="Default Suite" verbose="1">
	<listeners>
		<listener class-name="core.framework.TestListener" />
	</listeners>

	<test name="testInterRESTResponse">
		<classes>
	<class name="app.summarydetail.BCOM_6215_GlwbSumaryDetailTestCases">
				<methods>
				<include name="TC01_6217_GlwbSumaryDetail_Positive_Flow">
						<parameter name="ManualTCName"
							value="BCOM_6217_glwbSumaryDetail_TC01"></parameter>
					</include> 
					<include name="TC02_6217_GlwbSumaryDetail_Negative_Flow">
						<parameter name="ManualTCName"
							value="BCOM_6217_glwbSumaryDetail_TC02"></parameter>
					</include> 		
					</methods>
				</class>
				
				<class name="app.summarydetail.BCOM_6215_GlwbSumaryDetailTestCases">
				<methods>
				
			<include name="TC01_6215_GlwbSumaryDetail_Positive_Flow">
						<parameter name="ManualTCName"
							value="BCOM_6215_glwbSumaryDetailActy_TC01"></parameter>
					</include> 	
					<include name="TC02_6215_GlwbSumaryDetail_Negative_Flow">
						<parameter name="ManualTCName"
							value="BCOM_6215_glwbSumaryDetailActy_TC02"></parameter>
					</include>
					
					</methods>
				</class>
			<class name="app.tranfers.BCOM_6130_TransferTestCases">
				<methods>
					<include name="TC01_Tranfer_6130_Positive_Flow">
						<parameter name="ManualTCName"
							value="BCOM_Tranfers_6130_TC01"></parameter>
					</include>
					<include name="TC02_Tranfer_6130_Negative_Flow">
						<parameter name="ManualTCName"
							value="BCOM_Tranfers_6130_TC02"></parameter>
					</include>
					</methods>
				</class>
	
					  
		</classes>
	</test>
</suite>